{"loss": [NaN, NaN, NaN, NaN, NaN, NaN, NaN, NaN, NaN, NaN, NaN, NaN, NaN, NaN, NaN, NaN, NaN, NaN, NaN, NaN], "mean_absolute_error": [NaN, NaN, NaN, NaN, NaN, NaN, NaN, NaN, NaN, NaN, NaN, NaN, NaN, NaN, NaN, NaN, NaN, NaN, NaN, NaN], "mean_q": [NaN, NaN, NaN, NaN, NaN, NaN, NaN, NaN, NaN, NaN, NaN, NaN, NaN, NaN, NaN, NaN, NaN, NaN, NaN, NaN], "episode_reward": [-50.0, -50.0, -50.0, -50.0, -50.0, -50.0, -50.0, -34.0, -50.0, -50.0, -50.0, -50.0, -50.0, -50.0, -50.0, -50.0, -50.0, -50.0, -50.0, -50.0], "nb_episode_steps": [50, 50, 50, 50, 50, 50, 50, 50, 50, 50, 50, 50, 50, 50, 50, 50, 50, 50, 50, 50], "nb_steps": [50, 100, 150, 200, 250, 300, 350, 400, 450, 500, 550, 600, 650, 700, 750, 800, 850, 900, 950, 1000], "episode": [0, 1, 2, 3, 4, 5, 6, 7, 8, 9, 10, 11, 12, 13, 14, 15, 16, 17, 18, 19], "duration": [1.908125547983218, 0.4939195019833278, 0.5475819070124999, 0.6398863360227551, 0.5583423400239553, 0.5601691839983687, 0.5842721670051105, 0.5211616560118273, 0.5240634020010475, 0.6147323570039589, 0.6663314159959555, 0.5110149859974626, 0.6811558780027553, 0.5383801689895336, 0.5346580879995599, 0.6052287989878096, 0.5787917689885944, 0.52395674600848, 0.5573314749926794, 0.5955074740049895], "infos": [" - is_success: 0.000", " - is_success: 0.000", " - is_success: 0.000", " - is_success: 0.000", " - is_success: 0.000", " - is_success: 0.000", " - is_success: 0.000", " - is_success: 0.040", " - is_success: 0.036", " - is_success: 0.032", " - is_success: 0.029", " - is_success: 0.027", " - is_success: 0.025", " - is_success: 0.023", " - is_success: 0.021", " - is_success: 0.020", " - is_success: 0.019", " - is_success: 0.018", " - is_success: 0.017", " - is_success: 0.016"]}