{"loss": [NaN, NaN, NaN, NaN, NaN, NaN, NaN, NaN, NaN, NaN, NaN, NaN, NaN, NaN, NaN, NaN, NaN, NaN], "mean_absolute_error": [NaN, NaN, NaN, NaN, NaN, NaN, NaN, NaN, NaN, NaN, NaN, NaN, NaN, NaN, NaN, NaN, NaN, NaN], "mean_q": [NaN, NaN, NaN, NaN, NaN, NaN, NaN, NaN, NaN, NaN, NaN, NaN, NaN, NaN, NaN, NaN, NaN, NaN], "episode_reward": [-50.0, -50.0, -50.0, -50.0, 0.0, -50.0, -50.0, -50.0, -50.0, -50.0, -50.0, -50.0, -50.0, -50.0, -50.0, -50.0, -50.0, -50.0], "nb_episode_steps": [50, 50, 50, 50, 50, 50, 50, 50, 50, 50, 50, 50, 50, 50, 50, 50, 50, 50], "nb_steps": [50, 100, 150, 200, 250, 300, 350, 400, 450, 500, 550, 600, 650, 700, 750, 800, 850, 900], "episode": [0, 1, 2, 3, 4, 5, 6, 7, 8, 9, 10, 11, 12, 13, 14, 15, 16, 17], "duration": [0.4686238529975526, 0.1902060089923907, 0.1798580350005068, 0.18521845797658898, 0.18795467700692825, 0.19617673300672323, 0.1907830070122145, 0.18705389701062813, 0.19348038401221856, 0.1802931050187908, 0.18648977499105968, 0.18428761800169013, 0.19270333199528977, 0.18317844800185412, 0.1808151059958618, 0.188979514001403, 0.19993481499841437, 0.19978645999799483], "infos": [" - is_success: 0.000", " - is_success: 0.000", " - is_success: 0.000", " - is_success: 0.000", " - is_success: 0.200", " - is_success: 0.167", " - is_success: 0.143", " - is_success: 0.125", " - is_success: 0.111", " - is_success: 0.100", " - is_success: 0.091", " - is_success: 0.083", " - is_success: 0.077", " - is_success: 0.071", " - is_success: 0.067", " - is_success: 0.062", " - is_success: 0.059", " - is_success: 0.056"]}