{"loss": [NaN, NaN, NaN, NaN, NaN, NaN, NaN, NaN, NaN, NaN, NaN, NaN, NaN, NaN, NaN, NaN, NaN, NaN, NaN, NaN, 0.07720540334679643, 0.046418190002441406, 0.04902308061718941, 0.03699631989002228, 0.033365145325660706, 0.028391284868121147, 0.024988912045955658, 0.022207992151379585, 0.024495668709278107, 0.02726440131664276, 0.023303072899580002, 0.020182495936751366, 0.018856463953852654, 0.0241087693721056, 0.020220724865794182, 0.019253183156251907, 0.021209485828876495, 0.021697470918297768, 0.02229880541563034, 0.02209656685590744, 0.022497517988085747], "mean_absolute_error": [NaN, NaN, NaN, NaN, NaN, NaN, NaN, NaN, NaN, NaN, NaN, NaN, NaN, NaN, NaN, NaN, NaN, NaN, NaN, NaN, 0.3243959813701863, 0.24209009110927582, 0.24587871134281158, 0.21471549570560455, 0.2012493908405304, 0.1795693039894104, 0.16340452432632446, 0.15185146033763885, 0.1560259908437729, 0.16625404357910156, 0.15151025354862213, 0.13692578673362732, 0.12993912398815155, 0.15122538805007935, 0.1345338672399521, 0.12943197786808014, 0.1341381072998047, 0.14053022861480713, 0.13716869056224823, 0.13763415813446045, 0.1420586109161377], "mean_q": [NaN, NaN, NaN, NaN, NaN, NaN, NaN, NaN, NaN, NaN, NaN, NaN, NaN, NaN, NaN, NaN, NaN, NaN, NaN, NaN, -0.44507571446652316, -0.4684833586215973, -0.4855307340621948, -0.5117146372795105, -0.5446107983589172, -0.5737547874450684, -0.5836136341094971, -0.607286810874939, -0.6257368326187134, -0.6773532629013062, -0.7067534923553467, -0.7306560277938843, -0.7633020281791687, -0.7782232165336609, -0.7986952066421509, -0.8336370587348938, -0.8597894310951233, -0.8942334651947021, -0.922971248626709, -0.9535428881645203, -0.9651015400886536], "episode_reward": [-50.0, -50.0, -50.0, -50.0, -50.0, -50.0, -50.0, -34.0, -50.0, -50.0, -50.0, -50.0, -50.0, -50.0, -50.0, -50.0, -50.0, -50.0, -50.0, -50.0, -50.0, -50.0, -50.0, -50.0, -50.0, -50.0, -50.0, -50.0, -50.0, -50.0, -50.0, -50.0, -50.0, -50.0, -50.0, -50.0, -50.0, -50.0, -50.0, -50.0, -50.0], "nb_episode_steps": [50, 50, 50, 50, 50, 50, 50, 50, 50, 50, 50, 50, 50, 50, 50, 50, 50, 50, 50, 50, 50, 50, 50, 50, 50, 50, 50, 50, 50, 50, 50, 50, 50, 50, 50, 50, 50, 50, 50, 50, 50], "nb_steps": [50, 100, 150, 200, 250, 300, 350, 400, 450, 500, 550, 600, 650, 700, 750, 800, 850, 900, 950, 1000, 1050, 1100, 1150, 1200, 1250, 1300, 1350, 1400, 1450, 1500, 1550, 1600, 1650, 1700, 1750, 1800, 1850, 1900, 1950, 2000, 2050], "episode": [0, 1, 2, 3, 4, 5, 6, 7, 8, 9, 10, 11, 12, 13, 14, 15, 16, 17, 18, 19, 20, 21, 22, 23, 24, 25, 26, 27, 28, 29, 30, 31, 32, 33, 34, 35, 36, 37, 38, 39, 40], "duration": [1.9688691449991893, 0.6048723200219683, 0.6205182120029349, 0.5419126500200946, 0.5750753080064896, 1.0533755010110326, 0.45488659900729544, 0.5613538029720075, 0.6011256399797276, 0.493297793000238, 0.6011018609860912, 0.5552859700110275, 0.4616543269949034, 0.578860142006306, 0.579809477989329, 0.4700339319824707, 0.6078177049930673, 0.5777277839952148, 0.5376586840138771, 0.5740672380197793, 6.138620789977722, 2.0420515229925513, 2.6236471319862176, 1.8674058280012105, 1.9003610689833295, 1.9204198410152458, 2.205724021012429, 2.9224570200021844, 2.9015902040118817, 1.9702207919908687, 1.8670576070144307, 1.9990756789920852, 2.0288596960017458, 2.177115058992058, 2.661104486003751, 2.2042468239960726, 2.0603918340057135, 2.0389360259869136, 2.1228729739959817, 2.0150091529940255, 2.1529327360040043], "infos": [" - is_success: 0.000", " - is_success: 0.000", " - is_success: 0.000", " - is_success: 0.000", " - is_success: 0.000", " - is_success: 0.000", " - is_success: 0.000", " - is_success: 0.040", " - is_success: 0.036", " - is_success: 0.032", " - is_success: 0.029", " - is_success: 0.027", " - is_success: 0.025", " - is_success: 0.023", " - is_success: 0.021", " - is_success: 0.020", " - is_success: 0.019", " - is_success: 0.018", " - is_success: 0.017", " - is_success: 0.016", " - is_success: 0.015", " - is_success: 0.015", " - is_success: 0.014", " - is_success: 0.013", " - is_success: 0.013", " - is_success: 0.012", " - is_success: 0.012", " - is_success: 0.011", " - is_success: 0.011", " - is_success: 0.011", " - is_success: 0.010", " - is_success: 0.010", " - is_success: 0.010", " - is_success: 0.009", " - is_success: 0.009", " - is_success: 0.009", " - is_success: 0.009", " - is_success: 0.008", " - is_success: 0.008", " - is_success: 0.008", " - is_success: 0.008"]}