{"loss": [NaN, NaN, NaN, NaN, NaN, NaN, NaN, NaN, NaN], "mean_absolute_error": [NaN, NaN, NaN, NaN, NaN, NaN, NaN, NaN, NaN], "mean_q": [NaN, NaN, NaN, NaN, NaN, NaN, NaN, NaN, NaN], "episode_reward": [-50.0, -50.0, -50.0, -50.0, -50.0, -2.0, -3.0, -50.0, -28.0], "nb_episode_steps": [50, 50, 50, 50, 50, 50, 50, 50, 50], "nb_steps": [50, 100, 150, 200, 250, 300, 350, 400, 450], "episode": [0, 1, 2, 3, 4, 5, 6, 7, 8], "duration": [0.4352018669997051, 0.1700337930014939, 0.1542196620030154, 0.15916969500176492, 0.1579989999991085, 0.1742509859977872, 0.176842836997821, 0.1565938540006755, 0.15859614399960265], "infos": [" - is_success: 0.000", " - is_success: 0.000", " - is_success: 0.000", " - is_success: 0.000", " - is_success: 0.000", " - is_success: 0.160", " - is_success: 0.271", " - is_success: 0.237", " - is_success: 0.260"]}