{"loss": [NaN, NaN, NaN, NaN, NaN, NaN, NaN, NaN], "mean_absolute_error": [NaN, NaN, NaN, NaN, NaN, NaN, NaN, NaN], "mean_q": [NaN, NaN, NaN, NaN, NaN, NaN, NaN, NaN], "episode_reward": [-47.0, -50.0, -50.0, -50.0, -30.0, -50.0, -50.0, -50.0], "nb_episode_steps": [50, 50, 50, 50, 50, 50, 50, 50], "nb_steps": [50, 100, 150, 200, 250, 300, 350, 400], "episode": [0, 1, 2, 3, 4, 5, 6, 7], "duration": [1.1069068380165845, 0.42135230696294457, 0.4350212900317274, 0.4369359409902245, 0.6087219499750063, 0.6363696319749579, 0.6689284210442565, 0.6983884189976379], "infos": [" - is_success: 0.060", " - is_success: 0.030", " - is_success: 0.020", " - is_success: 0.015", " - is_success: 0.092", " - is_success: 0.077", " - is_success: 0.066", " - is_success: 0.058"]}